Set,Min MSE,Max MSE,Mean MSE,Stand. Dev. MSE
Train,0.0,0.0013401,0.0001608,0.0002034
Validation,0.0,0.0013397,0.0001637,0.0002014
Test,0.0,0.0012782,0.000163,0.0002074
Train with noise,0.0,0.9035842,0.0514006,0.074907
Validation with noise,0.0,0.8269151,0.0511645,0.0739273
Test with noise,0.0,0.5311475,0.0393992,0.0555782
