{
    "first_layer_size": [
        0.6003217199196418,
        0.20816522780340166,
        0.03753726809751243,
        0.023491092792246492,
        0.01806958968770535,
        0.014457983585113349
    ],
    "second_layer_size": [
        0.006798710600705817,
        0.006694964772517172,
        0.005189037120435387,
        0.00576623721436287,
        0.004801165651006158,
        0.004438070631197964
    ]
}