{
    "learning_rate": {
        "0.1": 0.6692461658225707,
        "0.05": 0.4995446827625856,
        "0.01": 0.00592144004224004,
        "0.005": 0.0006334062461684576,
        "0.001": 0.0006017597986531958,
        "0.0005": 0.0007494625290952778,
        "0.0001": 0.0031438878176122667,

        "0.002": 0.0005536317517273802,
        "0.0015": 0.0005190437825426293,
        "0.0013": 0.00035076624612126277,
        "0.001": 0.0005467191584707508,
        "0.0008": 0.0005749694536019282,
        "0.0005": 0.0007264656047397389
    },
    "first_layer_size1": {
        "1": 0.6134528404703985,
        "2": 0.21390179214638194,
        "4": 0.03121770530213447,
        "8": 0.004601893221664796,
        "16": 0.0021226335429701064,
        "32": 0.0017015625584711719
    },
    "second_layer_size1": {
        "1": 0.0011663809296951512,
        "2": 0.000799557747709514,
        "4": 0.00046088486933990687,
        "8": 0.0004963752246575648,
        "16": 0.00045115658789109147,
        "32": 0.0005096374670385254
    },
    "momentum": {
        "0.99": 0.0005387797618392748,
        "0.97": 0.0012660846082526405,
        "0.95": 0.0017898760752032106,
        "0.93": 0.0023776689081678347,
        "0.91": 0.0028724098362642204
    },
    "epochs": {
        "10": 0.0009373313450308461,
        "12": 0.0007629361631825304,
        "14": 0.0006863476191668572,
        "16": 0.0005805971267139586,
        "18": 0.0005856204720624495,
        "20": 0.000485599766105679,
        "22": 0.0004191012641655713,
        "24": 0.0004897244267775326,
        "26": 0.0003910410330548378
    },
    "epochs_valid": {
        "10": 0.0010113748217117973,
        "12": 0.0007678844867623411,
        "14": 0.0006565936792467255,
        "16": 0.0006263063901336865,
        "18": 0.0005445767205877927,
        "20": 0.0005109782595303841,
        "22": 0.0003715015397698153,
        "24": 0.0005586863836331759,
        "26": 0.00039764091749384527
    }
}